s_Sample	target	ag1k_cluster
Abro-30	28	2
Acar-191	16	2
Acar-192	10	2
Acar-192	16	2
Acar-192	19	2
Acar-192	37	2
Acar-192	41	2
Acar-192	55	2
Acar-193	10	2
Acar-193	41	2
Acar-194	10	2
Acar-194	24	2
Acar-194	37	2
Acar-194	40	2
Acar-195	16	2
Acar-195	21	2
Acar-195	41	2
Acol-558	16	2
Acol-558	17	2
Acol-558	19	2
Acol-558	43	2
Acol-558	47	2
Acol-558	52	2
Acol-570	10	2
Acol-570	17	2
Acol-570	19	2
Acol-570	37	2
Acol-570	40	2
Acol-570	43	2
Acol-570	52	2
Acol-645	8	2
Acol-645	13	2
Acol-645	41	2
Acou-71	49	2
Acou-71	51	2
Acou-80	43	2
Acou-959	17	2
Acou-962	10	2
Acou-962	16	2
Acru-RS32	11	2
Adem-15	15	2
Afun-1	2	2
Afun-1	18	2
Afun-3	24	2
Agam-30	7	2
Agam-30	10	2
Agam-30	17	2
Agam-30	19	2
Agam-30	37	2
Agam-30	47	2
Agam-30	50	2
Agam-32	7	2
Agam-32	13	2
Agam-32	16	2
Agam-32	17	2
Agam-32	37	2
Agam-32	47	2
Agam-32	49	2
Agam-32	52	2
Agam-35	16	2
Agam-35	17	2
Agam-35	43	2
Agam-35	50	2
Agam-37	19	2
Agam-37	47	2
Agam-37	49	2
Agam-37	50	2
Agam-38	17	2
Agam-38	40	2
Agam-38	43	2
Agam-38	47	2
Agam-38	50	2
Agam-38	52	2
Aimp-M0001	10	2
Aimp-M0001	30	2
Aimp-M0001	50	2
Aimp-M0030	10	2
Aimp-M0030	18	2
Aimp-M0030	30	2
Aimp-M0030	50	2
Aimp-M1449	18	2
Aimp-M1449	30	2
Ajab-B620	50	2
Amac-42	6	2
Amac-42	42	2
Amac-44	6	2
Amar-3-1	11	2
Amar-3-1	39	2
Amar-3-1	42	2
Amar-3-1	43	2
Amar-42	47	2
Amar-42	58	2
Amar-5	10	2
Amar-5	16	2
Amar-5	17	2
Amar-5	43	2
Amar-5	47	2
Amar-5	50	2
Amou-2-1	36	2
Amou-2-1	41	2
Amou-2-1	61	2
Amou-2-2	2	2
Amou-2-2	30	2
Amou-2-2	32	2
Amou-2-2	36	2
Amou-2-3	2	2
Amou-2-3	30	2
Amou-2-3	41	2
Amou-2-3	61	2
Amou-2-4	2	2
Amou-2-4	30	2
Amou-2-5	30	2
Amou-2-5	41	2
Anil-233	17	2
Anil-233	37	2
Anil-233	42	2
Anil-236	37	2
Anil-236	42	2
Anil-236	50	2
Anil-238	17	2
Anil-238	50	2
Anil-239	59	2
Apal-10	32	2
Apal-257	32	2
Apal-81	32	2
Arho-7-1	44	2
Arho-7-3	4	2
Arho-7-3	17	2
Arho-7-3	60	2
Arho-7-4	14	2
Arho-7-4	17	2
Arho-7-4	47	2
Aten-185	17	2
Aten-185	18	2
Aten-185	44	2
Aten-185	45	2
Aten-185	48	2
Aten-191	10	2
Aten-191	44	2
Aten-79	32	2
Aten-79	51	2
Aten-954	32	2
Aten-954	43	2
Aten-954	49	2
Athe-1	8	2
Athe-1	19	2
Athe-1	31	2
Athe-1	37	2
Athe-1	42	2
Athe-1	44	2
Athe-1	47	2
Athe-1	51	2
Athe-2	11	2
Athe-2	32	3
Athe-2	50	2
Athe-2	52	2
Athe-2	55	2
Athe-6-1	18	2
Athe-6-1	31	2
Athe-6-1	35	2
Athe-6-1	42	2
Athe-6-1	44	2
Athe-6-1	51	2
Athe-6-1	52	2
Athe-6-1	53	2
Athe-6-2	13	2
Athe-6-2	37	2
Avin-B0004	3	2
Avin-B0004	19	2
Avin-B0004	40	2
Avin-B0004	50	2
Avin-B0009	7	2
Avin-B0009	27	2
Avin-B0009	47	2
Avin-B0009	50	2
Avin-M0009	40	2
Avin-M0009	50	2
Avin-M0012	3	2
Avin-M0012	6	2
Avin-M0012	47	2
Avin-M0012	50	2
Azie-1032	18	2
Azie-1032	51	2
Azie-1055	32	2
Azie-334	17	2
Azie-334	27	2
Azie-70	32	2
Azie-70	51	2
Azie-77	32	2
VBS00002	16	2
VBS00002	17	2
VBS00002	19	2
VBS00002	40	2
VBS00002	47	2
VBS00003	6	2
VBS00003	19	2
VBS00003	40	2
VBS00003	47	2
VBS00003	59	2
VBS00004	16	2
VBS00004	28	2
VBS00004	30	2
VBS00004	54	2
VBS00021	16	2
VBS00021	47	2
VBS00021	50	2
VBS00022	8	2
VBS00022	14	2
VBS00022	16	2
VBS00022	32	2
VBS00022	49	2
VBS00022	50	2
VBS00023	16	2
VBS00023	47	2
VBS00023	49	2
VBS00023	50	2
VBS00024	16	2
VBS00024	21	2
VBS00024	47	2
VBS00024	49	2
VBS00024	50	2
VBS00025	14	2
VBS00025	16	2
VBS00025	30	2
VBS00025	49	2
VBS00025	50	2
VBS00048	59	2
VBS00049	50	2
VBS00050	7	2
VBS00050	32	2
VBS00050	42	2
VBS00053	55	2
VBS00059	31	2
VBS00059	44	2
VBS00061	36	2
VBS00082	24	2
VBS00082	32	3
VBS00082	58	2
VBS00083	30	2
VBS00083	32	3
VBS00083	58	2
VBS00085	32	2
VBS00085	55	2
VBS00086	55	2
VBS00107	31	2
VBS00107	40	2
VBS00107	43	2
VBS00108	7	2
VBS00108	9	2
VBS00108	10	2
VBS00108	18	2
VBS00108	40	2
VBS00108	41	2
VBS00112	6	2
VBS00112	7	2
VBS00112	8	2
VBS00112	18	2
VBS00112	30	2
VBS00112	36	2
VBS00112	40	2
VBS00112	41	2
VBS00112	45	2
VBS00113	7	2
VBS00113	8	2
VBS00113	28	2
VBS00113	31	2
VBS00113	36	2
VBS00113	40	2
VBS00113	43	2
VBS00114	6	2
VBS00114	8	2
VBS00114	19	2
VBS00114	30	2
VBS00114	36	2
VBS00114	40	2
VBS00114	43	2
VBS00114	47	2
VBS00115	7	2
VBS00115	8	2
VBS00115	10	2
VBS00115	18	2
VBS00115	40	2
VBS00115	43	2
VBS00115	44	2
VBS00115	45	2
VBS00122	23	2
VBS00122	24	3
VBS00122	50	2
VBS00125	10	2
VBS00125	18	2
VBS00125	49	2
VBS00125	50	2
VBS00127	10	2
VBS00127	24	2
VBS00127	31	2
VBS00127	50	2
VBS00128	10	2
VBS00128	18	2
VBS00128	24	2
VBS00128	30	2
VBS00128	49	2
VBS00128	54	2
VBS00144	39	2
VBS00144	46	2
VBS00145	2	2
VBS00145	6	2
VBS00145	7	2
VBS00145	8	2
VBS00145	9	2
VBS00145	10	3
VBS00145	11	2
VBS00145	13	2
VBS00145	14	2
VBS00145	16	3
VBS00145	17	2
VBS00145	18	3
VBS00145	19	2
VBS00145	24	2
VBS00145	26	2
VBS00145	28	2
VBS00145	29	2
VBS00145	30	2
VBS00145	31	2
VBS00145	34	2
VBS00145	37	2
VBS00145	39	2
VBS00145	40	3
VBS00145	41	2
VBS00145	42	2
VBS00145	43	3
VBS00145	45	2
VBS00145	46	2
VBS00145	47	2
VBS00145	48	2
VBS00145	49	2
VBS00145	50	2
VBS00145	51	2
VBS00145	52	2
VBS00145	54	2
VBS00145	55	2
VBS00145	57	2
VBS00145	59	2
VBS00145	60	2
VBS00145	61	2
VBS00146	39	2
VBS00149	15	2
VBS00149	16	2
VBS00149	17	2
VBS00149	19	2
VBS00149	28	2
VBS00149	32	2
VBS00149	37	2
VBS00149	39	2
VBS00149	45	2
VBS00150	30	2
VBS00150	40	2
VBS00154	31	2
VBS00156	1	2
VBS00156	60	2
VBS00157	24	2
VBS00158	60	2
anopheles-cracens-ASM209184v1-scaffolds	22	2
anopheles-sinensis-sinensisscaffoldsasins2	32	2
